<?xml version="1.0" encoding="UTF-8"?>
<project-private xmlns="http://www.netbeans.org/ns/project-private/1">
    <editor-bookmarks xmlns="http://www.netbeans.org/ns/editor-bookmarks/2" lastBookmarkId="0"/>
    <open-files xmlns="http://www.netbeans.org/ns/projectui-open-files/2">
        <group>
            <file>file:/C:/Users/cadet/OneDrive/School/PHP/BowlingTournament/matchup.js</file>
            <file>file:/C:/Users/cadet/OneDrive/School/PHP/BowlingTournament/api/tournamentService.php</file>
            <file>file:/C:/Users/cadet/OneDrive/School/PHP/BowlingTournament/db/GameAccessor.php</file>
            <file>file:/C:/Users/cadet/OneDrive/School/PHP/BowlingTournament/index.php</file>
            <file>file:/C:/Users/cadet/OneDrive/School/PHP/BowlingTournament/scorekeeper.css</file>
            <file>file:/C:/Users/cadet/OneDrive/School/PHP/BowlingTournament/db/matchupAccessor.php</file>
        </group>
    </open-files>
</project-private>
